post_id,subreddit,title,ups,downs,upvote_ratio,num_comments,author,created_utc,subreddit_subscribers,post_date
lxcfv6,CoronavirusWA,Hey teachers... I was just able to score an appointment for vaccine in bonney lake and there was alot of open slots available right now... if you're in pierce county GO GO GO!,95,0,0.95,10,t2_b4hju,1614831534.0,66503,3/3/21 22:18
lwyn8o,CoronavirusWA,"Today, Washington becomes the 6th US state and most populous state yet to have more people vaccinated against COVID-19 (16%) than infected with COVID-19 (15%).",720,0,0.98,110,t2_3tu35,1614790746.0,66503,3/3/21 10:59
lxalq7,CoronavirusWA,"As of today, Gov. Inslee says there have been 5,000 Washingtonians who have died due to COVID-19.",38,0,0.86,0,t2_nj2ph,1614825276.0,66503,3/3/21 20:34
lxcsfu,CoronavirusWA,Tips on getting a COVID vaccine appointment,7,0,1.0,1,t2_37skz,1614832866.0,66503,3/3/21 22:41
lwxg79,CoronavirusWA,I keep seeing comments regarding the difficulty of finding available vaccine appointments. Helpful Volunteers at CovidWA.com have made a site that changes that.,50,0,0.91,22,t2_mr4dp,1614787741.0,66503,3/3/21 10:09
lx0hk6,CoronavirusWA,PLEASE SHARE WIDELY: Reminders for safe building re-openings after COVID-19 closures,20,0,0.92,0,t2_r051r,1614795339.0,66503,3/3/21 12:15
lwgyqr,CoronavirusWA,Chris Daniels “NEW: Washington Governor Jay Inslee adds “educators and licensed childcare workers” to vaccine phase 1-B immediately.”,357,0,0.98,185,t2_izvvt,1614732084.0,66503,3/2/21 18:41
lwj0gz,CoronavirusWA,"Washington teachers now eligible for COVID-19 vaccine, Inslee announces",81,0,0.96,5,t2_vvntgi8,1614738678.0,66503,3/2/21 20:31
lwhmv9,CoronavirusWA,"Washington state teachers, child care workers can now get COVID-19 vaccine, Gov. Inslee says",71,0,0.97,19,t2_eyzfb,1614734179.0,66503,3/2/21 19:16
lwj3av,CoronavirusWA,"Teachers, childcare workers eligible for coronavirus vaccine in Washington state",39,0,0.96,19,t2_8stvl,1614738939.0,66503,3/2/21 20:35
lwbxpx,CoronavirusWA,Snoqualmie Tribe Partners with Eastside Fire &amp; Rescue to Open Tribal Vaccination Clinic,28,0,0.95,0,t2_8qcsfl7w,1614717550.0,66503,3/2/21 14:39
lwcr5h,CoronavirusWA,Is it still possible to volunteer at a vaccination clinic?,13,0,0.93,4,t2_kle4p,1614719796.0,66503,3/2/21 15:16
lvwhfw,CoronavirusWA,Does anyone know when phase 2 and 3 of 1B are happening for the vaccine rollout?,36,0,0.96,36,t2_dk5yi,1614670034.0,66503,3/2/21 1:27
lvbp0y,CoronavirusWA,Seattle to operate mass vaccination site at Lumen Field Event Center,211,0,1.0,49,t2_3l1oj988,1614611770.0,66503,3/1/21 9:16
lvo1bk,CoronavirusWA,"Spokane has open vaccine appointments, but they won't take you if it's not your turn.",47,0,0.93,33,t2_769gz,1614641528.0,66503,3/1/21 17:32
lvfkr5,CoronavirusWA,Seattle's vaccine effort just got a major boost with mass vaccination site,51,0,0.95,10,t2_8stvl,1614621189.0,66503,3/1/21 11:53
lvsnzi,CoronavirusWA,One COVID-19 Death Reported Over Weekend in Thurston County,6,0,0.75,0,t2_889u6,1614655287.0,66503,3/1/21 21:21
lveiby,CoronavirusWA,Confused about people driving for miles outside of their county to get a vaccine,14,0,0.74,52,t2_43p77x8p,1614618599.0,66503,3/1/21 11:09
lx5nak,CovidVaccine,First dose of the Pfizer yesterday + a reaction,3,0,1.0,2,t2_ag1ks3ib,1614809273.0,2238,2021-03-03 16:07:53
lwvtxy,CovidVaccine,U.S. Catholic Church issues statement regarding Johnson &amp; Johnson vaccine ethical concerns,6,0,0.88,2,t2_6eeqtaic,1614783595.0,2238,2021-03-03 08:59:55
lx3h26,CovidVaccine,"Pain &amp; Swelling (AZ Vaccine, UK)",2,0,1.0,2,t2_8cb53uvw,1614803170.0,2238,2021-03-03 14:26:10
lx2nhk,CovidVaccine,Vaccine Anxiety and EMLA Patch,2,0,1.0,11,t2_ao2o8h12,1614800919.0,2238,2021-03-03 13:48:39
lx6lih,CovidVaccine,Getting Moderna Vaccine Friday,1,0,1.0,2,t2_8mgrvz8i,1614812068.0,2238,2021-03-03 16:54:28
lwu1df,CovidVaccine,Which vaccine to get?,5,0,1.0,13,t2_4dfj6h7u,1614778614.0,2238,2021-03-03 07:36:54
lwuxpy,CovidVaccine,Why am I getting the vaccine? (UK),4,0,0.75,7,t2_1e9fs2op,1614781121.0,2238,2021-03-03 08:18:41
lwya4f,CovidVaccine,Kicking Covid's Ass in Va.,2,0,0.75,0,t2_2ptj6svz,1614789816.0,2238,2021-03-03 10:43:36
lwx6e3,CovidVaccine,Anyone get a vaccine and test positive for antibodies??,2,0,1.0,1,t2_15t9uj,1614787072.0,2238,2021-03-03 09:57:52
lx25t7,CovidVaccine,COVID Vaccine &amp; Prednisone Allergy,1,0,1.0,1,t2_5y4e0e5y,1614799633.0,2238,2021-03-03 13:27:13
lwzbc1,CovidVaccine,Covid vaccine for 16-18 yr old,0,0,0.5,0,t2_9vpi6nuo,1614792386.0,2238,2021-03-03 11:26:26
lwn3ao,CovidVaccine,1st dose of Pfizer! Doing great so far.,6,0,0.88,3,t2_9zl2cuc2,1614752612.0,2238,2021-03-03 00:23:32
lwri3t,CovidVaccine,Moderna #2 3 days ago,2,0,1.0,1,t2_2kbjfzef,1614770180.0,2238,2021-03-03 05:16:20
lwlsq9,CovidVaccine,"Dad 65+ got the vaccine 1 week ago, still feeling nausea",5,0,1.0,4,t2_7hgtiqc5,1614747823.0,2238,2021-03-02 23:03:43
lwazm6,CovidVaccine,"I got the vaccine today, should I feel guilty?",26,0,0.91,50,t2_6canajoc,1614714983.0,2238,2021-03-02 13:56:23
lwg9p0,CovidVaccine,First dose of Pfizer,11,0,0.87,11,t2_7z19c0xh,1614729898.0,2238,2021-03-02 18:04:58
lwrxn1,Conservative,Migrants Freed into U.S. by Biden's DHS Test Positive for Coronavirus,601,0,0.87,103,t2_1o0d4hsp,1614771711.0,722557,2021-03-03 05:41:51
lwi5iq,Conservative,Reckless is when you break your own covid rules and dine out twice and get caught both times.,2686,0,0.91,271,t2_6jcc5dyq,1614735886.0,722557,2021-03-02 19:44:46
lwr9h0,Conservative,"Black, Latino Seniors in Virginia Get COVID-19 Vaccine Priority as White 85-Year-Olds Wait",304,0,0.83,97,t2_klx33,1614769383.0,722557,2021-03-03 05:03:03
lx4pw3,pregnant,Got the vaccine 10 minutes ago!,12,0,0.87,5,t2_14066i,1614806581.0,79113,2021-03-03 15:23:01
lve7ps,VaccineMyths,"Now Casting COVID-19 Vaccine Volunteers, Freezer Truck Drivers, and Others!",7,0,0.99,0,t2_a1nnrftw,1614617939.0,1497,2021-03-01 10:58:59
lt67lb,VaccineMyths,Beer after corona vaccination,1,0,1.0,0,t2_taq9z,1614369167.0,1497,2021-02-26 13:52:47
ls25xp,VaccineMyths,Waiting for vaccine,0,0,0.33,1,t2_6q2xm2a9,1614243038.0,1497,2021-02-25 02:50:38
lngr0r,VaccineMyths,A great article: myths vs facts of the Covid vaccine,4,0,0.84,1,t2_hcfld5x,1613743858.0,1497,2021-02-19 08:10:58
lgk3wu,VaccineMyths,"Vietnam's Covid-19 vaccine, Nanocovax effective on variants: university 'Vietnam is currently working on four Covid-19 vaccines produced by Nanogen, the Institute of Vaccines and Medical Biologicals..'",6,0,0.88,0,t2_2jq85dqx,1612925075.0,1497,2021-02-09 20:44:35
lace91,VaccineMyths,"Sobre las vacunas para el COVID19, compilación de textos científicos y opinión personal.",4,0,0.84,1,t2_a49gra8x,1612209373.0,1497,2021-02-01 13:56:13
l7xuci,VaccineMyths,"If someone tells you the vaccine contains a microchip, ask them what would be the point.",14,0,0.95,2,t2_9w6k6sdv,1611939952.0,1497,2021-01-29 11:05:52
l5blq3,VaccineMyths,When do we expect to see that the vaccine starts to slow down the pandemic in the US?,10,0,1.0,1,t2_iondrbe,1611658013.0,1497,2021-01-26 04:46:53
kwt886,VaccineMyths,"*SCIENTIFICALLY PROVEN*, verified and established FACTS to immediately shut down the arguments of an uneducated anti-vaxxer. This post contains facts that will help you win any vaccine debate.",4,0,0.59,12,t2_9o4xsghy,1610581499.0,1497,2021-01-13 17:44:59
kw3ll2,VaccineMyths,"I’m Allergic to Penicillin, Will I Take the COVID Vaccine?",0,0,0.5,9,t2_8859jbvf,1610494079.0,1497,2021-01-12 17:27:59
kvirym,VaccineMyths,Johnson &amp; Johnson COVID phase 3 trial,8,0,1.0,2,t2_1zwwcfja,1610420362.0,1497,2021-01-11 20:59:22
krl2zy,VaccineMyths,"My parents got both doses of the Chinese covid vaccine but the Pfizer came out recently. Can they still take the Pfizer vaccine as well? If so, how much of a time gap should they keep",0,0,0.5,7,t2_7knn38tf,1609927770.0,1497,2021-01-06 04:09:30
kpm95n,VaccineMyths,Vaccine,2,0,0.67,1,t2_464nkd81,1609687104.0,1497,2021-01-03 09:18:24
khzpug,VaccineMyths,Is it biologically possible to insert a 5G tracker into a human via a vaccine?,7,0,0.9,8,t2_81pdp0fi,1608617979.0,1497,2020-12-22 00:19:39
kfctnr,VaccineMyths,Vaccines exposed,34,0,0.97,4,t2_vjysqzk,1608261072.0,1497,2020-12-17 21:11:12
kdfi7x,VaccineMyths,COVID19 Vaccination sentiments survey,5,0,1.0,2,t2_9a4ykyer,1608009530.0,1497,2020-12-14 23:18:50
kd1mf5,VaccineMyths,"Officials confront challenges to get public to take COVID vaccine. 'A new ABC News/Ipsos poll released Monday found that more than 80% of Americans planned to get the vaccine, either when immediately available, or eventually. It signals growing confidence in the vaccine..'",2,0,0.76,1,t2_2jq85dqx,1607965632.0,1497,2020-12-14 11:07:12
k7z13k,VaccineMyths,The last COVID vaccine,0,0,0.45,0,t2_3b0qy67j,1607279198.0,1497,2020-12-06 12:26:38
jmopup,VaccineMyths,Why Scientists &amp; Public Health Officials Need To Address Vaccine Mistrust Instead of Dismissing it,5,0,0.86,0,t2_1d7dlxru,1604328496.0,1497,2020-11-02 08:48:16
bnzmmj,antivax,The Side Effects of Vaccines - How High is the Risk?,1189,0,0.98,761,t2_4q8od,1557726846.0,30142,2019-05-13 00:54:06
lx3crc,antivax,Do you have anti vaccine parents?,1,0,1.0,0,t2_aonk34hk,1614802833.0,30142,2021-03-03 14:20:33
lwgeyy,antivax,Catholic Bioethicist [Me - OC]: You Can Use the Johnson &amp; Johnson Vaccine But Generally Prefer Moderna / Pfizer if Given the Option,20,0,0.83,2,t2_guyqs,1614730350.0,30142,2021-03-02 18:12:30
lw1nd7,antivax,Final part of the teaching anti-vaxxers common knowledge trilogy is here,48,0,0.89,10,t2_8nw7v8ue,1614690751.0,30142,2021-03-02 07:12:31
lvsdgr,antivax,Anti-vax Stage Mom/Dad is angry I require a negative COVID test / a vaccine in order to work on my short film,100,0,0.99,5,t2_1xotkvgd,1614654292.0,30142,2021-03-01 21:04:52
lvflrq,antivax,A friend mentioned to me that she did not want her children in their late teens getting the COVID vaccine,55,0,0.94,65,t2_12sqxa,1614621256.0,30142,2021-03-01 11:54:16
lvzgr3,antivax,Post vaccine deaths,0,0,0.43,0,t2_2sprgru2,1614682774.0,30142,2021-03-02 04:59:34
lv880j,antivax,The next lesson for Anti-vaxxers. Prepare to learn,6,0,0.8,12,t2_8nw7v8ue,1614602430.0,30142,2021-03-01 06:40:30
lug6yd,antivax,Wait is this for anti vaxxers or pro vax?,46,0,0.85,50,t2_5husrtl0,1614519234.0,30142,2021-02-28 07:33:54
lst26m,antivax,Vaccination challenges: vaccine shortage and unfair competition,2,0,0.75,0,t2_6q2xm2a9,1614326988.0,30142,2021-02-26 02:09:48
lrvzpz,antivax,"Why do I see ""autism is not a problem"" used as an argument for vaccines? And why do people attack those who says autism is a problem as bigots?",14,0,0.67,56,t2_3dt9za2f,1614221380.0,30142,2021-02-24 20:49:40
ls1u31,antivax,Waiting for vaccine.,0,0,0.5,0,t2_6q2xm2a9,1614241659.0,30142,2021-02-25 02:27:39
lpzfei,antivax,Vaccines save lives,354,0,0.99,7,t2_564su8l6,1614026860.0,30142,2021-02-22 14:47:40
lq9p7j,antivax,"List of 1,500+ studies showing that vaccines are safe, effective &amp; immunogenic",12,0,1.0,2,t2_4ggqob8m,1614056177.0,30142,2021-02-22 22:56:17
lqjwpd,antivax,Empower yourself to make better informed decisions - Addressing all these heated areas surrounding the COVID-19 Vaccine with a multidisciplinary panel of experts.,1,0,1.0,1,t2_ih4ax,1614091263.0,30142,2021-02-23 08:41:03
lq85om,antivax,A family member of mine has been saying that the Pfizer vaccine doesn't really do anything and is just a rush by the company to make easy money.,7,0,1.0,4,t2_23dy3iil,1614051346.0,30142,2021-02-22 21:35:46
lpsopb,antivax,Research on health attitudes and vaccination beliefs,23,0,0.97,6,t2_aig4lbbg,1614011265.0,30142,2021-02-22 10:27:45
lwe5fc,nyc,"New York is going to experiment with some overnight hours at mass-vaccination sites in the Bronx, Manhattan and the Syracuse area to distribute J&amp;J vaccine doses. More detail here:",670,0,0.99,88,t2_ws4h,1614723674.0,327483,2021-03-02 16:21:14
lw4h3b,nyc,Over 2 million vaccine doses administered in NYC!,635,0,0.97,195,t2_3qnqfogd,1614698692.0,327483,2021-03-02 09:24:52
lw7xbf,nyc,Coronavirus NYC: J&amp;J shots could start today in NYC; Co-op City getting vaccination site,149,0,0.96,8,t2_5w9r3,1614707059.0,327483,2021-03-02 11:44:19
lwbijt,nyc,"To reopen event venues, New York's Excelsior Pass app will confirm your vaccine or negative COVID test",74,0,0.81,83,t2_wwj7h,1614716430.0,327483,2021-03-02 14:20:30
lx2fww,Indiana,Hoosiers 50+ can now register for the COVID19 vaccine,30,0,0.95,1,t2_6c0z6,1614800347.0,88563,2021-03-03 13:39:07
lx2mq8,Indiana,50+ Eligible for COVID Vaccine Starting Now,12,0,1.0,3,t2_394geh9f,1614800862.0,88563,2021-03-03 13:47:42
lw22ms,Indiana,Any Indiana resident age 55+ now eligible to schedule COVID vaccine,451,0,0.98,64,t2_is84v,1614692088.0,88563,2021-03-02 07:34:48
lwiurv,Indiana,Indiana’s Covid-19 cases among K-12 schools are just updated. It seems that the new cases are dropping.,23,0,0.85,0,t2_8wnqc6da,1614738148.0,88563,2021-03-02 20:22:28
lw7ry3,Indiana,my uncle made the appointment to receive johnson and johnson one shot vaccine for this friday!!! indianaplis motor speedway available. mass vaccine site. so happy!,80,0,0.91,24,t2_87lh0zig,1614706687.0,88563,2021-03-02 11:38:07
lw25r9,Indiana,COVID Vaccine Open to 55+,35,0,0.91,9,t2_394geh9f,1614692364.0,88563,2021-03-02 07:39:24
lvesax,Indiana,Indiana Passes the 1 Million Mark for First Doses of COVID Vaccine,259,0,0.97,93,t2_8t67bzfu,1614619296.0,88563,2021-03-01 11:21:36
lwdt1b,nashville,Dolly Parton Receives Moderna Vaccine for COVID-19 at VUMC,812,0,0.98,50,t2_m7xkk,1614722737.0,98441,2021-03-02 16:05:37
lwv8xf,nashville,"Dad charged after 4-year-old overdoses on heroin, rushed to Nashville hospital",19,0,0.83,7,t2_m7xkk,1614781986.0,98441,2021-03-03 08:33:06
lwbpl6,nashville,Tennessee Will Enter 1C Vaccination Phase Next Week!!!,141,0,0.98,139,t2_108ifs,1614716937.0,98441,2021-03-02 14:28:57
lwd70x,nashville,"TN COVID-19 Infographic, March 2 2021",36,0,0.81,21,t2_cxxp8,1614721058.0,98441,2021-03-02 15:37:38
ksqker,CovidVaccinated,CDC Official: What to Expect after Getting a COVID-19 Vaccine,132,0,0.98,1,t2_78vawltu,1610064663.0,8209,2021-01-07 18:11:03
lwwva0,CovidVaccinated,Vaccination Update: 265 million,2,0,0.63,2,t2_a2hcnmwh,1614786284.0,8209,2021-03-03 09:44:44
lx1tb6,CovidVaccinated,SECOND MODERNA - NOT A BIG DEAL,12,0,0.83,2,t2_8fs9qkak,1614798716.0,8209,2021-03-03 13:11:56
lwsaof,CovidVaccinated,35/f-2nd moderna vaccine (go get it! Side effects are manageable!),35,0,0.84,3,t2_6zqajdxl,1614772989.0,8209,2021-03-03 06:03:09
lwz417,CovidVaccinated,Moderna,5,0,0.78,1,t2_5s1ycv1z,1614791864.0,8209,2021-03-03 11:17:44
lwxk6i,CovidVaccinated,Pfizer efficacy 2 weeks after first dose?,5,0,0.78,5,t2_18nhe8uq,1614788006.0,8209,2021-03-03 10:13:26
lx5n4v,CovidVaccinated,Moderna Second Dose - Side effects/Symptoms Not Bad,2,0,0.75,0,t2_5urj2qa8,1614809260.0,8209,2021-03-03 16:07:40
lwtqzt,CovidVaccinated,"27F, had covid in nov, just a little arm soreness, no other side effects!",7,0,0.82,0,t2_8ywnv6r,1614777735.0,8209,2021-03-03 07:22:15
lx7fwn,CovidVaccinated,To those who have periods - has anyone lost their/had a late period since the vaccine?,1,0,1.0,0,t2_6feyxymd,1614814587.0,8209,2021-03-03 17:36:27
lwzjos,CovidVaccinated,40/f Got my Pfizer 1st shot on Monday - virtually no side effects!,3,0,0.71,1,t2_4j0bmkqs,1614792975.0,8209,2021-03-03 11:36:15
lx18vm,CovidVaccinated,23/F - Second Moderna Vaccine Yesterday,2,0,0.75,1,t2_2jgjzf5c,1614797277.0,8209,2021-03-03 12:47:57
lwzum2,CovidVaccinated,change in smell/taste after 1st dose of Pfizer,2,0,0.75,2,t2_6bv7pc5l,1614793722.0,8209,2021-03-03 11:48:42
lwwc99,CovidVaccinated,Had second dose of Moderna Sunday -- HR/BP elevated since Monday,3,0,1.0,4,t2_6mh85wpl,1614784909.0,8209,2021-03-03 09:21:49
lx3lpx,CovidVaccinated,20 M got the moderna first dose today,1,0,1.0,0,t2_100ub3,1614803527.0,8209,2021-03-03 14:32:07
lx3cu9,CovidVaccinated,Astrazeneca vaccine and allergy side effects,0,0,0.33,2,t2_4oqshzkp,1614802841.0,8209,2021-03-03 14:20:41
lwy0j2,CovidVaccinated,Delayed side effects from first dose of Pfizer and if so how long did yours last?,2,0,0.75,2,t2_6htos74m,1614789147.0,8209,2021-03-03 10:32:27
lwarzk,CovidVaccinated,Vaccine Impacts your Period!!,83,0,0.92,68,t2_9vre80r1,1614714405.0,8209,2021-03-02 13:46:45
lwwhp3,CovidVaccinated,Moderna shot 1 day 3 - stomach flu ?,2,0,1.0,5,t2_972xmpi3,1614785309.0,8209,2021-03-03 09:28:29
lwvvmf,CovidVaccinated,U.S. Catholic Church issues statement regarding Johnson &amp; Johnson vaccine ethical concerns,2,0,0.75,6,t2_6eeqtaic,1614783696.0,8209,2021-03-03 09:01:36
lwsxik,conspiracy,Vitamin D Insufficiency May Account for Almost Nine of Ten COVID-19 Deaths,809,0,0.93,238,t2_59lela0b,1614775133.0,1469106,3/3/21 6:38
lwwv5a,conspiracy,Does anyone remember the Tuskegee experiments where they basically gave black people free healthcare and vaccines but it was actually just syphilis? Then they brought them in to observe and cure said syphilis?,224,0,0.92,31,t2_cx0wk,1614786274.0,1469106,3/3/21 9:44
lwsoi6,conspiracy,Death Rates Skyrocket in Israel Following Pfizer Experimental Covid ‘Vaccines’,155,0,0.81,52,t2_58yc59zp,1614774289.0,1469106,3/3/21 6:24
lwud9k,conspiracy,Israeli Health Ministry: Pfizer Vaccine Killed ‘About 40 Times More Elderly Than the Disease Itself Would Have Killed’,101,0,0.85,20,t2_4e48lybs,1614779553.0,1469106,3/3/21 7:52
ldd0e6,vaxxhappened,Interactions with antivaxxers? Post them here!,41,0,1.0,43,t2_6l4z3,1612548014.0,320709,2021-02-05 12:00:14
krxabz,vaxxhappened,You got the COVID-Vaccine? You have Questions about it? Here is the Megathread for that,122,0,0.99,233,t2_el7db,1609967442.0,320709,2021-01-06 15:10:42
lw714q,vaxxhappened,Anti-COVID Vaxxer “insults” me by calling me a nurse and single mom (I’m neither),2932,0,0.99,111,t2_17dedjni,1614704885.0,320709,2021-03-02 11:08:05
lvt8nf,vaxxhappened,"COVID-19 is almost over folks! But, don't take that vaccine! It'll kill you!",15,0,1.0,2,t2_3co9brfr,1614657282.0,320709,2021-03-01 21:54:42
lvs8m1,vaxxhappened,The covid vaccine is lethal apparently,13,0,0.94,1,t2_82irp42z,1614653851.0,320709,2021-03-01 20:57:31
lvbysq,vaxxhappened,Social media companies shouldn’t enable antivaccine misinformation.,14,0,0.95,1,t2_zwg7320,1614612435.0,320709,2021-03-01 09:27:15
luzjiu,vaxxhappened,I Just Can't Wait for Vaccines,25,0,1.0,2,t2_zwg7320,1614571602.0,320709,2021-02-28 22:06:42
lupqrw,vaxxhappened,Anti-Vaxxed: From Cowpox to Conspiracy (A deep dive into anti-vaccine advocates and their beliefs),7,0,1.0,1,t2_44f3n4fv,1614544484.0,320709,2021-02-28 14:34:44
lt7x2e,vaxxhappened,TOP SECRET Apple plans for vaccine nanotech discussed over dim sum.,8459,0,0.98,222,t2_31a5cq02,1614373780.0,320709,2021-02-26 15:09:40
ltdm2n,vaxxhappened,"I see these guys posted up on the overpasses almost every day I drive to work. They've got three or four different signs that say about the same thing. As a nurse who works with a lot of COVID patients, these signs make me extra upset.",40,0,0.99,20,t2_5wen38uk,1614391294.0,320709,2021-02-26 20:01:34
ltcotf,vaxxhappened,"""I haven't reached my views using ... Facebook."" Apart from this actual template letter I got from Facebook telling you I haven't reached my views from Facebook. Because I can't even explain my lies in my own words. This goes on for a loooong time with the usual conspiracy, antivaxx BS.",40,0,0.98,3,t2_kglm9,1614388204.0,320709,2021-02-26 19:10:04
lvj6zy,CoronavirusMichigan,Michigan will be getting almost a half-million COVID-19 vaccine doses this week,136,0,0.99,15,t2_68ldvdm3,1614629456.0,36707,2021-03-01 14:10:56
lwxy65,CoronavirusMichigan,Michigan to expand vaccine eligibility to residents 50+ with pre-existing conditions on March 8,76,0,1.0,83,t2_14dhxf,1614788983.0,36707,2021-03-03 10:29:43
lwspqk,CoronavirusMichigan,Northville High School reporting COVID outbreak; several sports teams under mandated quarantine,56,0,0.99,8,t2_5q180ekj,1614774417.0,36707,2021-03-03 06:26:57
lwygsh,CoronavirusMichigan,University of Michigan locks out students who violated COVID-19 testing rules,24,0,0.91,0,t2_6btxodbq,1614790295.0,36707,2021-03-03 10:51:35
lwsq1q,CoronavirusMichigan,"Macomb County has its highest cases of school-related COVID-19 in 2021, surpassing last week's high",38,0,0.93,5,t2_5q180ekj,1614774450.0,36707,2021-03-03 06:27:30
lx08rd,CoronavirusMichigan,‘Undetected spread in community’: COVID variant cases in Michigan rise by more than 100,12,0,0.87,3,t2_8oaja9dm,1614794731.0,36707,2021-03-03 12:05:31
lwsqeg,CoronavirusMichigan,Central Michigan Life - MDHHS approves CMU to be a designated COVID-19 vaccination site,12,0,1.0,0,t2_5q180ekj,1614774487.0,36707,2021-03-03 06:28:07
lwgsld,CoronavirusMichigan,"Take heart Michiganders, the vaccines are coming",39,0,0.94,16,t2_a240hqmb,1614731543.0,36707,2021-03-02 18:32:23
lwpas9,CoronavirusMichigan,Finding Vaccinations for critical infrastructure employees who travel,8,0,1.0,6,t2_at4b7,1614761476.0,36707,2021-03-03 02:51:16
lwjltv,CoronavirusMichigan,"At least 8,000 autoworkers in Detroit now eligible to get COVID-19 vaccine",20,0,0.96,0,t2_3cp5x,1614740605.0,36707,2021-03-02 21:03:25
lwa4r9,CoronavirusMichigan,"Whitmer: Michigan to relax restaurant, business COVID-19 restrictions starting Friday",62,0,0.91,51,t2_48fescbm,1614712658.0,36707,2021-03-02 13:17:38
lwla2y,CoronavirusMichigan,Survey: A third of West Michigan population hesitant to get COVID-19 vaccine,9,0,0.8,2,t2_68ldvdm3,1614746103.0,36707,2021-03-02 22:35:03
lwfolv,CoronavirusMichigan,Detroit area veterans can get Covid-19 shots at Ann Arbor VAMC.,16,0,1.0,0,t2_33a0b520,1614728110.0,36707,2021-03-02 17:35:10
lvzzfc,CoronavirusMichigan,"Almost half of Michigan Republicans don't plan to get COVID-19 vaccine, poll shows",82,0,0.94,52,t2_9cbutabh,1614684799.0,36707,2021-03-02 05:33:19
lwbsq5,CoronavirusMichigan,Plum Market Covid Outbreak (Ann Arbor),15,0,0.94,0,t2_6btxodbq,1614717172.0,36707,2021-03-02 14:32:52
lw734e,CoronavirusMichigan,Policy for end of day vaccine use?,8,0,0.9,8,t2_25091tdp,1614705017.0,36707,2021-03-02 11:10:17
lw0jk2,CoronavirusMichigan,"146 infected in new coronavirus outbreaks at 29 schools, says Michigan’s March 1 school outbreak report",17,0,0.85,10,t2_5q180ekj,1614686962.0,36707,2021-03-02 06:09:22
lw0icg,CoronavirusMichigan,Michigan’s chief medical executive concerned that people are not getting tested for COVID-19,8,0,0.79,4,t2_5q180ekj,1614686837.0,36707,2021-03-02 06:07:17
lwqls1,news,"Explosion at Dutch COVID-19 test centre appears intentional, police say",874,0,0.96,65,t2_4erqf7,1614766853.0,22908083,2021-03-03 04:20:53
lwd352,news,"White House moves up vaccine supply timeline, says U.S. will have enough for every adult by end of May",17633,0,0.96,1472,t2_ok3ir,1614720749.0,22908083,2021-03-02 15:32:29
lxkrcv,CoronavirusMa,Opinion: Get the Vaccine when it is offered to you,119,0,0.94,32,t2_3xu4dfkr,1614865346.0,40508,2021-03-04 07:42:26
lxi0x1,CoronavirusMa,"Massachusetts mass vaccination sites offer significantly fewer appointments for first doses next week - WCVB - March 3, 2021",17,0,1.0,13,t2_2xu5c,1614855686.0,40508,2021-03-04 05:01:26
lx7pos,CoronavirusMa,"Greetings, r/CoronavirusMA friends -- my newsroom would like your input",65,0,0.97,25,t2_1z7gpcej,1614815430.0,40508,2021-03-03 17:50:30
lwwaca,CoronavirusMa,"Massachusetts teachers, educators eligible to receive COVID vaccine starting March 11",152,0,0.97,124,t2_7hgud,1614784761.0,40508,2021-03-03 09:19:21
lwrxto,CoronavirusMa,CVS now lists teachers as eligible for vaccine in MA,270,0,0.99,89,t2_j0y48,1614771730.0,40508,2021-03-03 05:42:10
lx6q14,CoronavirusMa,MA COVID-19 Data 3/3/21,21,0,1.0,2,t2_1671rd,1614812436.0,40508,2021-03-03 17:00:36
lx8flx,CoronavirusMa,I got invited to take a vaccine from Beth Israel Lahey Health,13,0,0.89,27,t2_75ivlxve,1614817646.0,40508,2021-03-03 18:27:26
lx5ix2,CoronavirusMa,"MA Covid Vaccine update Mar. 3rd. 1,281,680 first doses (+33,109), 587,167 second doses (+21,746)",12,0,1.0,3,t2_krc86,1614808919.0,40508,2021-03-03 16:01:59
lws8ir,CoronavirusMa,Vaccine Finding Tips - How to Hunt and Bag an Appointment for a COVID-19 Shot,48,0,0.97,10,t2_2xu5c,1614772810.0,40508,2021-03-03 06:00:10
lwv3xv,CoronavirusMa,Baker Gives COVID Vaccine Update as CVS Adds Teachers to Mass. Eligibility List: WATCH LIVE The CVS website had already listed K-12 teachers and staff as eligible for the COVID vaccine in Massachusetts before Baker's 9 a.m. press conference,25,0,0.96,33,t2_5z062kk,1614781604.0,40508,2021-03-03 08:26:44
lwwxnl,CoronavirusMa,covid vac. appointment help,9,0,0.92,2,t2_adqduccn,1614786451.0,40508,2021-03-03 09:47:31
kbwkb7,COVID19,How is it possible to create a safe and effective vaccine in such a short period of time?,1033,0,0.96,1,t2_5mlm5,1607805850.0,316847,2020-12-12 14:44:10
lwt85y,COVID19,Bharat Biotech Announces Phase 3 Results of COVAXIN®: India’s First COVID-19 Vaccine Demonstrates Interim Clinical Efficacy of 81%,304,0,0.98,38,t2_i1evx,1614776155.0,316847,2021-03-03 06:55:55
lwn9dl,COVID19,Merck to Help Produce Johnson &amp; Johnson’s COVID-19 Vaccine; BARDA to Provide Merck With Funding to Expand Merck’s Manufacturing Capacity for COVID-19 Vaccines and Medicines,210,0,0.99,7,t2_m9uo3,1614753247.0,316847,2021-03-03 00:34:07
lwusj0,COVID19,Assessing the Effectiveness of BNT162b2 and ChAdOx1nCoV-19 COVID-19 Vaccination in Prevention of Hospitalisations in Elderly and Frail Adults: A Single Centre Test Negative Case-Control Study,29,0,0.97,6,t2_ajoai,1614780709.0,316847,2021-03-03 08:11:49
lwut4x,COVID19,Preliminary Efficacy of the NVX-CoV2373 Covid-19 Vaccine Against the B.1.351 Variant,20,0,0.92,12,t2_blqmw,1614780759.0,316847,2021-03-03 08:12:39
lwzflg,COVID19,Critics slam letter in prestigious journal that downplayed COVID-19 risks to Swedish schoolchildren,5,0,0.6,1,t2_1tvs,1614792685.0,316847,2021-03-03 11:31:25
lw4vvg,COVID19,SARS-CoV-2 antibodies detected in human breast milk post-vaccination,679,0,0.98,44,t2_blqmw,1614699759.0,316847,2021-03-02 09:42:39
lwuhr9,COVID19,"Delayed rise of oral fluid antibodies, elevated BMI, and absence of early fever correlate with longer time to SARS-CoV-2 RNA clearance in an longitudinally sampled cohort of COVID-19 outpatients",9,0,0.92,2,t2_blqmw,1614779922.0,316847,2021-03-03 07:58:42
lx2fwq,COVID19,Antioxidants and pentoxifylline as coadjuvant measures to standard therapy to improve prognosis of patients with pneumonia by COVID-19,4,0,1.0,2,t2_2ouo0ilp,1614800347.0,316847,2021-03-03 13:39:07
lwwfxv,COVID19,COVID-19: a new emerging respiratory disease from the neurological perspective,6,0,0.72,1,t2_6j17pm4q,1614785181.0,316847,2021-03-03 09:26:21
lx3vhm,COVID19,"HCQ for COVID-19: Real-time analysis of all 263 studies, 191 peer reviewed (Updated)",1,0,1.0,1,t2_3t5v9,1614804282.0,316847,2021-03-03 14:44:42
lwc482,COVID19,"Early effectiveness of COVID-19 vaccination with BNT162b2 mRNA vaccine and ChAdOx1 adenovirus vector vaccine on symptomatic disease, hospitalisations and mortality in older adults in England",66,0,0.97,4,t2_blqmw,1614718056.0,316847,2021-03-02 14:47:36
lw9k3p,COVID19,The collateral cardiovascular damage of COVID-19: only history will reveal the depth of the iceberg,81,0,0.96,2,t2_1jopkpkc,1614711180.0,316847,2021-03-02 12:53:00
lwil6r,COVID19,Household COVID-19 risk and in-person schooling,20,0,0.92,9,t2_e2nf0,1614737285.0,316847,2021-03-02 20:08:05
lwbbjx,COVID19,Exploratory neuroimmune profiling identifies CNS-specific alterations in COVID-19 patients with neurological involvement,19,0,0.96,4,t2_yp2ev,1614715885.0,316847,2021-03-02 14:11:25
lvwkc9,COVID19,Negligible impact of SARS-CoV-2 variants on CD4+ and CD8+ T cell reactivity in COVID-19 exposed donors and vaccinees.,164,0,0.98,37,t2_l1p4g,1614670396.0,316847,2021-03-02 01:33:16
lwbsmb,COVID19,Introduction of Two Prolines and Removal of the Polybasic Cleavage Site Lead to Higher Efficacy of a Recombinant Spike-Based SARS-CoV-2 Vaccine in the Mouse Model,12,0,0.88,3,t2_fzsa6,1614717162.0,316847,2021-03-02 14:32:42
lwb9rr,COVID19,Diverse Functional Autoantibodies in Patients with COVID-19,11,0,0.84,2,t2_yp2ev,1614715745.0,316847,2021-03-02 14:09:05
lvzllr,illinois,"Illinois Reports Lowest Daily COVID-19 Case Count Since July, Infection Rate Below 3% For More Than Two Weeks",321,0,0.99,75,t2_1y4quidd,1614683265.0,56032,2021-03-02 05:07:45
lvwmfz,illinois,"YSK: The Illinois National Guard is running two Mass Vaccination Sites in Carbondale on 3/3, 3/4, &amp; 3/5!",23,0,0.87,4,t2_dpvlt,1614670651.0,56032,2021-03-02 01:37:31
lupqnm,FloridaCoronavirus,"DeSantis expands COVID-19 vaccine eligibility to high-risk people under 65 at pharmacies, doctors’ offices",139,0,0.97,136,t2_58dyp,1614544479.0,68168,2021-02-28 14:34:39
lx2n87,FloridaCoronavirus,"6,014 New Cases, 7.34% New Cases Positive Rate, 7.19% Lab positivity rate, 25.85% First Time Testers Positivity Rate, 133 Death, 293 Hospitalization, 89,759 New People Vaccinated, 139,675 Doses Administered for Wednesday update for 03/02/2021",74,0,0.99,19,t2_136o4u,1614800899.0,68168,2021-03-03 13:48:19
lxj39z,FloridaCoronavirus,CVS Follows Biden COVID Vaccine Guidance Over Gov. DeSantis on Teachers,138,0,0.97,32,t2_9cbutabh,1614859823.0,68168,2021-03-04 06:10:23
lxapme,FloridaCoronavirus,CVS offering virus vaccine to Florida teachers under 50,108,0,0.97,14,t2_c92fk,1614825657.0,68168,2021-03-03 20:40:57
lxixop,FloridaCoronavirus,Wealthy Keys enclave received COVID vaccines in January before much of the state,15,0,0.94,4,t2_adrrkp7z,1614859260.0,68168,2021-03-04 06:01:00
lxm1ps,FloridaCoronavirus,Florida's DeSantis faces criticism over Covid-19 vaccination clinics in upscale communities,9,0,0.8,0,t2_4r705btk,1614869057.0,68168,2021-03-04 08:44:17
lxiuo8,FloridaCoronavirus,Rep. Carlos Guillermo Smith said the form established by FDOH as a requirement to get the vaccine comes with flexibility.,6,0,1.0,13,t2_6fv5j,1614858945.0,68168,2021-03-04 05:55:45
lxawzy,FloridaCoronavirus,CVS offering COVID-19 vaccine to Florida teachers under 50,25,0,0.96,3,t2_5m5ffonj,1614826339.0,68168,2021-03-03 20:52:19
lxl25y,FloridaCoronavirus,One year in: How does COVID-19’s toll compare with other causes of death?,2,0,1.0,1,t2_c92fk,1614866215.0,68168,2021-03-04 07:56:55
lxb8r3,FloridaCoronavirus,FEMA vaccine site in Tampa,9,0,0.91,4,t2_8s0sqm21,1614827408.0,68168,2021-03-03 21:10:08
lwrdtc,FloridaCoronavirus,"FLDOH: Pursuant to EO 21-47, the Department has published a form for physicians to certify that they have determined an individual to be extremely vulnerable to COVID-19 &amp; eligible to receive the vaccine. This form will be used across Florida beginning tomorrow.",88,0,0.98,112,t2_6fv5j,1614769815.0,68168,2021-03-03 05:10:15
lwyt1m,FloridaCoronavirus,"Federal Vaccine Site Update: Federal sites in Tampa, Miami, Orlando &amp; Jacksonville CAN vaccinate individuals deemed extremely vulnerable by a physician. Individuals will need to present a signed @HealthyFla form, per EO 21-47.",24,0,0.93,23,t2_6fv5j,1614791113.0,68168,2021-03-03 11:05:13
lx5ktq,FloridaCoronavirus,Wal Mart Vaccine List,4,0,0.84,7,t2_zumrn,1614809070.0,68168,2021-03-03 16:04:30
lx5jj8,FloridaCoronavirus,Orange County Convention Center still has vaccine appts for seniors and healthcare workers,5,0,1.0,5,t2_2gc57ta,1614808967.0,68168,2021-03-03 16:02:47
lwxkbs,FloridaCoronavirus,Some Walgreens stores now offering coronavirus vaccines in Florida,15,0,0.94,2,t2_c92fk,1614788016.0,68168,2021-03-03 10:13:36
lwtb53,FloridaCoronavirus,"DeSantis dropped off 3,000 vaccines to a Pinellas senior community. But was the distribution fair?",19,0,0.85,5,t2_c92fk,1614776412.0,68168,2021-03-03 07:00:12
lx90ys,FloridaCoronavirus,Publix (or any) Vaccination Site help,1,0,1.0,15,t2_4tozk12,1614819951.0,68168,2021-03-03 19:05:51
lwtuiu,FloridaCoronavirus,COVID-19 extreme risk eligibility form,7,0,1.0,4,t2_zumrn,1614778041.0,68168,2021-03-03 07:27:21
lws07o,FloridaCoronavirus,Vaccine for live-in (family) caretakers of at-risk persons?,9,0,0.92,2,t2_oltox,1614771980.0,68168,2021-03-03 05:46:20
lw8ya1,FloridaCoronavirus,"Publix gets 1 out of 4 Florida vaccines, which officials don’t track",138,0,0.97,11,t2_c92fk,1614709649.0,68168,2021-03-02 12:27:29
lwea4k,FloridaCoronavirus,"Tomorrow, four federally-supported COVID-19 vaccine open in Tampa, Orlando, Jacksonville &amp; Miami. Sites are open 7 a.m. - 7 p.m. &amp; can administer 3,000 vaccines per day. Walk-ups are accepted at each site.",46,0,0.94,15,t2_6fv5j,1614724053.0,68168,2021-03-02 16:27:33
lwrmn4,Coronavirus,Alamo Drafthouse Will Continue COVID-19 Safety Measures in Texas Despite State Reopening,6034,0,0.97,399,t2_5lzl17hr,1614770627.0,2365354,2021-03-03 05:23:47
lwtqbk,Coronavirus,"Mississippi lifting mask mandates will ""sabotage"" fight against Covid-19, Jackson mayor says",1395,0,0.95,157,t2_7cmjntyk,1614777686.0,2365354,2021-03-03 07:21:26
lwva95,Coronavirus,"T-cells recognise new Covid variants, study finds",1000,0,0.98,93,t2_4g4xj7dq,1614782093.0,2365354,2021-03-03 08:34:53
lwtg0t,Coronavirus,Criticized Indian Vaccine Already in Use Found 81% Effective,1059,0,0.96,113,t2_umblb,1614776801.0,2365354,2021-03-03 07:06:41
lwd2xw,Coronavirus,"White House moves up vaccine supply timeline, says U.S. will have enough for every adult by end of May",28018,0,0.94,1583,t2_ok3ir,1614720732.0,2365354,2021-03-02 15:32:12
lwuecy,Coronavirus,University of Michigan locks out students who violated COVID-19 testing rules,443,0,0.97,67,t2_yxo2uic,1614779652.0,2365354,2021-03-03 07:54:12
lwsav4,Coronavirus,Officials: Anti-vaxxers' disinformation may prolong pandemic,498,0,0.94,48,t2_guf36,1614773007.0,2365354,2021-03-03 06:03:27
lwzyb8,Coronavirus,Texas vaccine rollout ranks 48th among states as mask mandate lifted,150,0,0.9,58,t2_9ek1o,1614793983.0,2365354,2021-03-03 11:53:03
lwykfi,Coronavirus,Covid cases in Spanish nursing homes fall whooping 95% in a month after vaccination has been completed,154,0,0.96,17,t2_i8gvo,1614790546.0,2365354,2021-03-03 10:55:46
lwvqez,Coronavirus,Kenya receives 1 million vaccines from COVAX,180,0,0.97,10,t2_2dbsvbqj,1614783322.0,2365354,2021-03-03 08:55:22
lwrm0k,Coronavirus,Brazil's Covid outbreak is global threat that opens door to lethal variants – scientist,225,0,0.91,62,t2_14ni9p,1614770569.0,2365354,2021-03-03 05:22:49
lwxwlg,Coronavirus,"Coronavirus: California’s cases keep falling, more counties allowed to reopen",87,0,0.94,18,t2_14qna3,1614788869.0,2365354,2021-03-03 10:27:49
lwwdkq,Coronavirus,Germans' rejection of Oxford-AstraZeneca vaccine hinders COVID fight,85,0,0.92,63,t2_96l5w4ox,1614785008.0,2365354,2021-03-03 09:23:28
lwqnja,Coronavirus,Merck/J&amp;J deal may help US get enough vaccine for all adults by end of May,195,0,0.95,5,t2_jcdyk,1614767073.0,2365354,2021-03-03 04:24:33
lw1q38,Coronavirus,Covid vaccines may stop spread ‘almost completely’,25640,0,0.93,1757,t2_hahya,1614690993.0,2365354,2021-03-02 07:16:33
lwwnyx,Coronavirus,"Second dose of COVID-19 vaccine can be four months after the first, expert panel says",74,0,0.95,23,t2_lczmrzn,1614785760.0,2365354,2021-03-03 09:36:00
lwnve2,Coronavirus,Real-world data shows Pfizer’s Covid vaccine is giving ‘very strong’ results after one dose,314,0,0.95,35,t2_44qa5,1614755684.0,2365354,2021-03-03 01:14:44
lwxs6j,Coronavirus,"Dramatic Decline Seen in COVID-19 Cases, Deaths at U.S. Nursing Homes",59,0,0.89,1,t2_4e88rhze,1614788556.0,2365354,2021-03-03 10:22:36
lx0afr,Coronavirus,Teachers in Pennsylvania to be offered Johnson &amp; Johnson COVID-19 vaccine,42,0,0.99,16,t2_7cmjntyk,1614794846.0,2365354,2021-03-03 12:07:26
lww0dc,science,Vitamin D Insufficiency May Account for Almost Nine of Ten COVID-19 Deaths,369,0,0.92,83,t2_864yuimw,1614784034.0,26096396,2021-03-03 09:07:14
